,Saree,Trouser,Jeans
0,https://m.media-amazon.com/images/I/41OMdegU3PL._AC_UL320_.jpg,https://m.media-amazon.com/images/I/61G+wMtjPWL._AC_UL320_.jpg,https://m.media-amazon.com/images/I/719lfoWMwnL._AC_UL320_.jpg
1,https://m.media-amazon.com/images/I/511qxG9j9YL._AC_UL320_.jpg,https://m.media-amazon.com/images/I/61MnRVjOZWL._AC_UL320_.jpg,https://m.media-amazon.com/images/I/61EDk4eiF-L._AC_UL320_.jpg
2,https://m.media-amazon.com/images/I/51wE9Q3czNL._AC_UL320_.jpg,https://m.media-amazon.com/images/I/51dZlimso6L._AC_UL320_.jpg,https://m.media-amazon.com/images/I/71UbZFNl2RL._AC_UL320_.jpg
3,https://m.media-amazon.com/images/I/51THAj1xGhL._AC_UL320_.jpg,https://m.media-amazon.com/images/I/51R1lLRa-PL._AC_UL320_.jpg,https://m.media-amazon.com/images/I/71mgaAA9pwL._AC_UL320_.jpg
4,https://m.media-amazon.com/images/I/71IszooqopL._AC_UL320_.jpg,https://m.media-amazon.com/images/I/718kU7VISWL._AC_UL320_.jpg,https://m.media-amazon.com/images/I/71wzgvqHNXL._AC_UL320_.jpg
5,https://m.media-amazon.com/images/I/71AYPbuBrhL._AC_UL320_.jpg,https://m.media-amazon.com/images/I/61YHtYYabpL._AC_UL320_.jpg,https://m.media-amazon.com/images/I/512uEHx+6OL._AC_UL320_.jpg
6,https://m.media-amazon.com/images/I/41RkEpP4ijL._AC_UL320_.jpg,https://m.media-amazon.com/images/I/61ELAf0ZLcL._AC_UL320_.jpg,https://m.media-amazon.com/images/I/81032hi+TgL._AC_UL320_.jpg
7,https://m.media-amazon.com/images/I/91njmlSKiCL._AC_UL320_.jpg,https://m.media-amazon.com/images/I/61j8-T8dIIL._AC_UL320_.jpg,https://m.media-amazon.com/images/I/61D3NhllkbL._AC_UL320_.jpg
8,https://m.media-amazon.com/images/I/91njmlSKiCL._AC_UL320_.jpg,https://m.media-amazon.com/images/I/81t3XS8UciL._AC_UL320_.jpg,https://m.media-amazon.com/images/I/81e4Tkj9dNL._AC_UL320_.jpg
9,https://m.media-amazon.com/images/I/8146BLEzqPL._AC_UL320_.jpg,https://m.media-amazon.com/images/I/51rnYLGXVxL._AC_UL320_.jpg,https://m.media-amazon.com/images/I/81y1h+SZWBL._AC_UL320_.jpg
10,https://m.media-amazon.com/images/I/61ycr0TYRLL._AC_UL320_.jpg,https://m.media-amazon.com/images/I/61+giY94puL._AC_UL320_.jpg,https://m.media-amazon.com/images/I/5106NB0RPgL._AC_UL320_.jpg
11,https://m.media-amazon.com/images/I/715gq48jKsL._AC_UL320_.jpg,https://m.media-amazon.com/images/I/61HwCsXHbzL._AC_UL320_.jpg,https://m.media-amazon.com/images/I/81rg53i95-L._AC_UL320_.jpg
12,https://m.media-amazon.com/images/I/91hrK4R8YdL._AC_UL320_.jpg,https://m.media-amazon.com/images/I/81Xcgi8ms+S._AC_UL320_.jpg,https://m.media-amazon.com/images/I/61baXRyCQjL._AC_UL320_.jpg
13,https://m.media-amazon.com/images/I/91vgYb-7tGL._AC_UL320_.jpg,https://m.media-amazon.com/images/I/51d74502ZVL._AC_UL320_.jpg,https://m.media-amazon.com/images/I/71CiRZhLoaL._AC_UL320_.jpg
14,https://m.media-amazon.com/images/I/914xdapNNlL._AC_UL320_.jpg,https://m.media-amazon.com/images/I/71wjQAAqitS._AC_UL320_.jpg,https://m.media-amazon.com/images/I/81S++MvcavL._AC_UL320_.jpg
15,https://m.media-amazon.com/images/I/41uF1XPtd0L._AC_UL320_.jpg,https://m.media-amazon.com/images/I/61fw-YAjV6L._AC_UL320_.jpg,https://m.media-amazon.com/images/I/71m0W58-zQL._AC_UL320_.jpg
16,https://m.media-amazon.com/images/I/81ppEyLIpPL._AC_UL320_.jpg,https://m.media-amazon.com/images/I/81d37fLAwUL._AC_UL320_.jpg,https://m.media-amazon.com/images/I/810Mo3xaQsL._AC_UL320_.jpg
17,https://m.media-amazon.com/images/I/61aBTPmSJdL._AC_UL320_.jpg,https://m.media-amazon.com/images/I/715sc3z554L._AC_UL320_.jpg,https://m.media-amazon.com/images/I/81ftckLhDHL._AC_UL320_.jpg
18,https://m.media-amazon.com/images/I/919lNOaU-GL._AC_UL320_.jpg,https://m.media-amazon.com/images/I/61KwCbPkOyL._AC_UL320_.jpg,https://m.media-amazon.com/images/I/61TwfPRLhrL._AC_UL320_.jpg
19,https://m.media-amazon.com/images/I/81nAHKNAgWL._AC_UL320_.jpg,https://m.media-amazon.com/images/I/81CjnCpOZaL._AC_UL320_.jpg,https://m.media-amazon.com/images/I/61c+1sd1t8L._AC_UL320_.jpg
20,https://m.media-amazon.com/images/I/618CJ9mF8UL._AC_UL320_.jpg,https://m.media-amazon.com/images/I/71BkAA4x97L._AC_UL320_.jpg,https://m.media-amazon.com/images/I/817qC6rtrHS._AC_UL320_.jpg
21,https://m.media-amazon.com/images/I/61TbgIP8TnL._AC_UL320_.jpg,https://m.media-amazon.com/images/I/81G2HIdIDyL._AC_UL320_.jpg,https://m.media-amazon.com/images/I/71wjQAAqitS._AC_UL320_.jpg
22,https://m.media-amazon.com/images/I/6154v1-RXBL._AC_UL320_.jpg,https://m.media-amazon.com/images/I/61NKxXc+lIL._AC_UL320_.jpg,https://m.media-amazon.com/images/I/716d7h9Z7HL._AC_UL320_.jpg
23,https://m.media-amazon.com/images/I/71nJsZGi5uS._AC_UL320_.jpg,https://m.media-amazon.com/images/I/714GEG49ZWL._AC_UL320_.jpg,https://m.media-amazon.com/images/I/81JYpmK-87L._AC_UL320_.jpg
24,https://m.media-amazon.com/images/I/613mMOWnrxL._AC_UL320_.jpg,https://m.media-amazon.com/images/I/711Qm80ojZL._AC_UL320_.jpg,https://m.media-amazon.com/images/I/7184G6pOcCL._AC_UL320_.jpg
25,https://m.media-amazon.com/images/I/710aIq8O5AL._AC_UL320_.jpg,https://m.media-amazon.com/images/I/814Uqy8tJaL._AC_UL320_.jpg,https://m.media-amazon.com/images/I/514Vdwggh+L._AC_UL320_.jpg
26,https://m.media-amazon.com/images/I/61Ndm5mnP4L._AC_UL320_.jpg,https://m.media-amazon.com/images/I/610xgvsB4hL._AC_UL320_.jpg,https://m.media-amazon.com/images/I/71+LCPQ24iL._AC_UL320_.jpg
27,https://m.media-amazon.com/images/I/711vlC6N6bL._AC_UL320_.jpg,https://m.media-amazon.com/images/I/611LMnczeAL._AC_UL320_.jpg,https://m.media-amazon.com/images/I/51loH30yLvL._AC_UL320_.jpg
28,https://m.media-amazon.com/images/I/41mPufaMatL._AC_UL320_.jpg,https://m.media-amazon.com/images/I/51GPPdnaZCL._AC_UL320_.jpg,https://m.media-amazon.com/images/I/41R0oImWN4L._AC_UL320_.jpg
29,https://m.media-amazon.com/images/I/61BUrdqrK3L._AC_UL320_.jpg,https://m.media-amazon.com/images/I/61fVMNqy3GL._AC_UL320_.jpg,https://m.media-amazon.com/images/I/81S++MvcavL._AC_UL320_.jpg
30,https://m.media-amazon.com/images/I/41bfIWlN9sL._AC_UL320_.jpg,https://m.media-amazon.com/images/I/71o4-mxo2bL._AC_UL320_.jpg,https://m.media-amazon.com/images/I/81Gb4W2VpBL._AC_UL320_.jpg
31,https://m.media-amazon.com/images/I/91ks01LAC4L._AC_UL320_.jpg,https://m.media-amazon.com/images/I/81V+cLWewjL._AC_UL320_.jpg,https://m.media-amazon.com/images/I/81QWn4i3XcL._AC_UL320_.jpg
32,https://m.media-amazon.com/images/I/51uhaY2GCqL._AC_UL320_.jpg,https://m.media-amazon.com/images/I/51naFZ-N7zL._AC_UL320_.jpg,https://m.media-amazon.com/images/I/812Q6KRFQiL._AC_UL320_.jpg
33,https://m.media-amazon.com/images/I/910G6lheEMS._AC_UL320_.jpg,https://m.media-amazon.com/images/I/61WOm5HmpnL._AC_UL320_.jpg,https://m.media-amazon.com/images/I/51Lcar3PF5L._AC_UL320_.jpg
34,https://m.media-amazon.com/images/I/91c00nW1b6L._AC_UL320_.jpg,https://m.media-amazon.com/images/I/71Eqxc7aZeL._AC_UL320_.jpg,https://m.media-amazon.com/images/I/613ybn1m+EL._AC_UL320_.jpg
35,https://m.media-amazon.com/images/I/91twn1QBnTL._AC_UL320_.jpg,https://m.media-amazon.com/images/I/71XHgV07eCL._AC_UL320_.jpg,https://m.media-amazon.com/images/I/81D+KVOvp2L._AC_UL320_.jpg
36,https://m.media-amazon.com/images/I/51rstcWlfrL._AC_UL320_.jpg,https://m.media-amazon.com/images/I/61RS+V-4vTL._AC_UL320_.jpg,https://m.media-amazon.com/images/I/81v78jQqtzL._AC_UL320_.jpg
37,https://m.media-amazon.com/images/I/91tTeVB0EnL._AC_UL320_.jpg,https://m.media-amazon.com/images/I/51isNKUqkWL._AC_UL320_.jpg,https://m.media-amazon.com/images/I/81EGkLRifbL._AC_UL320_.jpg
38,https://m.media-amazon.com/images/I/51svbgyWaOL._AC_UL320_.jpg,https://m.media-amazon.com/images/I/81Ge90coVBL._AC_UL320_.jpg,https://m.media-amazon.com/images/I/71FfW5CXuWL._AC_UL320_.jpg
39,https://m.media-amazon.com/images/I/51M1etfItyL._AC_UL320_.jpg,https://m.media-amazon.com/images/I/61b7GK73dIL._AC_UL320_.jpg,https://m.media-amazon.com/images/I/81CQEgtjZNL._AC_UL320_.jpg
40,https://m.media-amazon.com/images/I/31-o0E16tYL._AC_UL320_.jpg,https://m.media-amazon.com/images/I/61gBHDAl18L._AC_UL320_.jpg,https://m.media-amazon.com/images/I/7181SU0jyGL._AC_UL320_.jpg
41,https://m.media-amazon.com/images/I/81BFrs-wKCL._AC_UL320_.jpg,https://m.media-amazon.com/images/I/41Tzy09uPZL._AC_UL320_.jpg,https://m.media-amazon.com/images/I/71U3zRV1GuL._AC_UL320_.jpg
42,https://m.media-amazon.com/images/I/9140TLW+V1L._AC_UL320_.jpg,https://m.media-amazon.com/images/I/717LKNGTNJL._AC_UL320_.jpg,https://m.media-amazon.com/images/I/61n-iOxLfDL._AC_UL320_.jpg
43,https://m.media-amazon.com/images/I/41AhJq0JYHL._AC_UL320_.jpg,https://m.media-amazon.com/images/I/71o4-mxo2bL._AC_UL320_.jpg,https://m.media-amazon.com/images/I/81p-B+-Y-WL._AC_UL320_.jpg
44,https://m.media-amazon.com/images/I/71KbWATMIEL._AC_UL320_.jpg,https://m.media-amazon.com/images/I/71ZJ8lna46L._AC_UL320_.jpg,https://m.media-amazon.com/images/I/81JNSBs4AFL._AC_UL320_.jpg
45,https://m.media-amazon.com/images/I/6171JSIpBVS._AC_UL320_.jpg,https://m.media-amazon.com/images/I/61a46LaIKFL._AC_UL320_.jpg,https://m.media-amazon.com/images/I/81VgrcJXDcL._AC_UL320_.jpg
46,https://m.media-amazon.com/images/I/91ks01LAC4L._AC_UL320_.jpg,https://m.media-amazon.com/images/I/81WLhHdBWkL._AC_UL320_.jpg,https://m.media-amazon.com/images/I/61rdfHsisGL._AC_UL320_.jpg
47,https://m.media-amazon.com/images/I/71Qwc3PkyYL._AC_UL320_.jpg,https://m.media-amazon.com/images/I/61pQN1bi8TL._AC_UL320_.jpg,https://m.media-amazon.com/images/I/81gRlOrU9tL._AC_UL320_.jpg
48,https://m.media-amazon.com/images/I/71ukw8MLIIL._AC_UL320_.jpg,https://m.media-amazon.com/images/I/512IgGbl4RL._AC_UL320_.jpg,https://m.media-amazon.com/images/I/71RulP0utFL._AC_UL320_.jpg
49,https://m.media-amazon.com/images/I/61Z9og5gnkL._AC_UL320_.jpg,https://m.media-amazon.com/images/I/71x4QBxtdIL._AC_UL320_.jpg,https://m.media-amazon.com/images/I/61hl4aM8pML._AC_UL320_.jpg
50,https://m.media-amazon.com/images/I/91WfBU7qtNS._AC_UL320_.jpg,https://m.media-amazon.com/images/I/71lx5+0B3AL._AC_UL320_.jpg,https://m.media-amazon.com/images/I/51RK7xNlgXL._AC_UL320_.jpg
51,https://m.media-amazon.com/images/I/81uGZMcU6WL._AC_UL320_.jpg,https://m.media-amazon.com/images/I/71+SdCRJcGL._AC_UL320_.jpg,https://m.media-amazon.com/images/I/71f441HDnaL._AC_UL320_.jpg
52,https://m.media-amazon.com/images/I/71x9yXxcQsL._AC_UL320_.jpg,https://m.media-amazon.com/images/I/81ue0vRszjL._AC_UL320_.jpg,https://m.media-amazon.com/images/I/81o+e4vpe9L._AC_UL320_.jpg
53,https://m.media-amazon.com/images/I/91gvc3Pbw2L._AC_UL320_.jpg,https://m.media-amazon.com/images/I/61ljZsVlfCL._AC_UL320_.jpg,https://m.media-amazon.com/images/I/81Dk1m5r7sL._AC_UL320_.jpg
54,https://m.media-amazon.com/images/I/71NW9e7SYnL._AC_UL320_.jpg,https://m.media-amazon.com/images/I/81AeaI6mQLL._AC_UL320_.jpg,https://m.media-amazon.com/images/I/61wb97at1cS._AC_UL320_.jpg
55,https://m.media-amazon.com/images/I/41zLWmfbZ1L._AC_UL320_.jpg,https://m.media-amazon.com/images/I/71fW3z6Y1XL._AC_UL320_.jpg,https://m.media-amazon.com/images/I/61zoG6C57GL._AC_UL320_.jpg
56,https://m.media-amazon.com/images/I/41V7irveeeL._AC_UL320_.jpg,https://m.media-amazon.com/images/I/61Y+m0ij4nL._AC_UL320_.jpg,https://m.media-amazon.com/images/I/717PmafA9gL._AC_UL320_.jpg
57,https://m.media-amazon.com/images/I/71XA8wTOH8L._AC_UL320_.jpg,https://m.media-amazon.com/images/I/61XfPf9SmWL._AC_UL320_.jpg,https://m.media-amazon.com/images/I/919CrBt4pWL._AC_UL320_.jpg
58,https://m.media-amazon.com/images/I/71tfQzMogAL._AC_UL320_.jpg,https://m.media-amazon.com/images/I/61VvZMkyYEL._AC_UL320_.jpg,https://m.media-amazon.com/images/I/51HAZc-A5+L._AC_UL320_.jpg
59,https://m.media-amazon.com/images/I/71m-a5IoDbL._AC_UL320_.jpg,https://m.media-amazon.com/images/I/71kaH-4k3rL._AC_UL320_.jpg,https://m.media-amazon.com/images/I/81l34bcqs4L._AC_UL320_.jpg
60,https://m.media-amazon.com/images/I/716swSjqqrL._AC_UL320_.jpg,https://m.media-amazon.com/images/I/71dgE8koAGL._AC_UL320_.jpg,https://m.media-amazon.com/images/I/518u+5k-LNL._AC_UL320_.jpg
61,https://m.media-amazon.com/images/I/81524+-4hxL._AC_UL320_.jpg,https://m.media-amazon.com/images/I/81xfZwrv1aL._AC_UL320_.jpg,https://m.media-amazon.com/images/I/51sjc9Cin4L._AC_UL320_.jpg
62,https://m.media-amazon.com/images/I/71QspVogCBL._AC_UL320_.jpg,https://m.media-amazon.com/images/I/7122odVxo9L._AC_UL320_.jpg,https://m.media-amazon.com/images/I/618pDZIzXHS._AC_UL320_.jpg
63,https://m.media-amazon.com/images/I/71GM7acPaGL._AC_UL320_.jpg,https://m.media-amazon.com/images/I/41caGz1wL-L._AC_UL320_.jpg,https://m.media-amazon.com/images/I/414Q9H-7z1L._AC_UL320_.jpg
64,https://m.media-amazon.com/images/I/61r0pJRjMuL._AC_UL320_.jpg,https://m.media-amazon.com/images/I/61DDsihni0L._AC_UL320_.jpg,https://m.media-amazon.com/images/I/81SRbafBH6L._AC_UL320_.jpg
65,https://m.media-amazon.com/images/I/61wPq7c8vkL._AC_UL320_.jpg,https://m.media-amazon.com/images/I/71HrKHZ6RUL._AC_UL320_.jpg,https://m.media-amazon.com/images/I/41fuqGPnQIL._AC_UL320_.jpg
66,https://m.media-amazon.com/images/I/71mFFJ1ZvYL._AC_UL320_.jpg,https://m.media-amazon.com/images/I/41hJXluwXtL._AC_UL320_.jpg,https://m.media-amazon.com/images/I/21r7SQ+TbFL._AC_UL320_.jpg
67,https://m.media-amazon.com/images/I/81UQiUNYeTL._AC_UL320_.jpg,https://m.media-amazon.com/images/I/51-Z8AXpCwL._AC_UL320_.jpg,https://m.media-amazon.com/images/I/81MupNtRo5L._AC_UL320_.jpg
68,https://m.media-amazon.com/images/I/813ToEkzLqL._AC_UL320_.jpg,https://m.media-amazon.com/images/I/51cgth6RW8L._AC_UL320_.jpg,https://m.media-amazon.com/images/G/31/img22/Fashion/Event/JanART22/AFpage/Bottomwidget/01_all-fashion.jpg
69,https://m.media-amazon.com/images/I/91jSrD-ItPL._AC_UL320_.jpg,https://m.media-amazon.com/images/I/51cYjiT8HYL._AC_UL320_.jpg,https://m.media-amazon.com/images/G/31/img22/Fashion/Event/WRS22/eventpage/Bottomwidget/6_CML.jpg
70,https://m.media-amazon.com/images/I/91JYyTKEnYL._AC_UL320_.jpg,https://m.media-amazon.com/images/I/717bjNktLJL._AC_UL320_.jpg,https://m.media-amazon.com/images/G/31/img22/Fashion/Event/WRS22/eventpage/Bottomwidget/2_Fashion-dealsV2.jpg
71,https://m.media-amazon.com/images/I/812h7pPIkoL._AC_UL320_.jpg,https://m.media-amazon.com/images/G/31/img22/Fashion/Event/JanART22/AFpage/Bottomwidget/01_all-fashion.jpg,https://m.media-amazon.com/images/G/31/img22/Fashion/Event/WRS22/eventpage/Bottomwidget/8_TrendsV2.jpg
72,https://m.media-amazon.com/images/I/81NjhXFxKcL._AC_UL320_.jpg,https://m.media-amazon.com/images/G/31/img22/Fashion/Event/WRS22/eventpage/Bottomwidget/6_CML.jpg,https://m.media-amazon.com/images/G/31/img22/Fashion/Event/WRS22/eventpage/Bottomwidget/4_PFF.jpg
73,https://m.media-amazon.com/images/I/71E+AXYuXML._AC_UL320_.jpg,https://m.media-amazon.com/images/G/31/img22/Fashion/Event/WRS22/eventpage/Bottomwidget/2_Fashion-dealsV2.jpg,https://m.media-amazon.com/images/G/31/img22/Fashion/Event/WRS22/eventpage/Bottomwidget/5_Stylefeed.jpg
74,https://m.media-amazon.com/images/I/61BGaz+0ZJL._AC_UL320_.jpg,https://m.media-amazon.com/images/G/31/img22/Fashion/Event/WRS22/eventpage/Bottomwidget/8_TrendsV2.jpg,https://m.media-amazon.com/images/G/31/img2020/fashion/WA_2022/SS_22/Search_card/Search-card.jpg
75,https://m.media-amazon.com/images/I/81ugoJMHGmL._AC_UL320_.jpg,https://m.media-amazon.com/images/G/31/img22/Fashion/Event/WRS22/eventpage/Bottomwidget/4_PFF.jpg,https://m.media-amazon.com/images/I/719lfoWMwnL._AC_UL320_.jpg
76,https://m.media-amazon.com/images/G/31/img22/Fashion/Event/JanART22/AFpage/Bottomwidget/01_all-fashion.jpg,https://m.media-amazon.com/images/G/31/img22/Fashion/Event/WRS22/eventpage/Bottomwidget/5_Stylefeed.jpg,https://m.media-amazon.com/images/I/61EDk4eiF-L._AC_UL320_.jpg
77,https://m.media-amazon.com/images/G/31/img22/Fashion/Event/WRS22/eventpage/Bottomwidget/6_CML.jpg,https://m.media-amazon.com/images/G/31/img2020/fashion/WA_2022/SS_22/Search_card/Search-card.jpg,https://m.media-amazon.com/images/I/71UbZFNl2RL._AC_UL320_.jpg
78,https://m.media-amazon.com/images/G/31/img22/Fashion/Event/WRS22/eventpage/Bottomwidget/2_Fashion-dealsV2.jpg,https://m.media-amazon.com/images/I/61G+wMtjPWL._AC_UL320_.jpg,https://m.media-amazon.com/images/I/71mgaAA9pwL._AC_UL320_.jpg
79,https://m.media-amazon.com/images/G/31/img22/Fashion/Event/WRS22/eventpage/Bottomwidget/8_TrendsV2.jpg,https://m.media-amazon.com/images/I/61MnRVjOZWL._AC_UL320_.jpg,https://m.media-amazon.com/images/I/71wzgvqHNXL._AC_UL320_.jpg
80,https://m.media-amazon.com/images/G/31/img22/Fashion/Event/WRS22/eventpage/Bottomwidget/4_PFF.jpg,https://m.media-amazon.com/images/I/51dZlimso6L._AC_UL320_.jpg,https://m.media-amazon.com/images/I/512uEHx+6OL._AC_UL320_.jpg
81,https://m.media-amazon.com/images/G/31/img22/Fashion/Event/WRS22/eventpage/Bottomwidget/5_Stylefeed.jpg,https://m.media-amazon.com/images/I/51R1lLRa-PL._AC_UL320_.jpg,https://m.media-amazon.com/images/I/81032hi+TgL._AC_UL320_.jpg
82,https://m.media-amazon.com/images/G/31/img2020/fashion/WA_2022/SS_22/Search_card/Search-card.jpg,https://m.media-amazon.com/images/I/718kU7VISWL._AC_UL320_.jpg,https://m.media-amazon.com/images/I/61D3NhllkbL._AC_UL320_.jpg
83,https://m.media-amazon.com/images/I/41OMdegU3PL._AC_UL320_.jpg,https://m.media-amazon.com/images/I/61YHtYYabpL._AC_UL320_.jpg,https://m.media-amazon.com/images/I/81e4Tkj9dNL._AC_UL320_.jpg
84,https://m.media-amazon.com/images/I/511qxG9j9YL._AC_UL320_.jpg,https://m.media-amazon.com/images/I/61ELAf0ZLcL._AC_UL320_.jpg,https://m.media-amazon.com/images/I/81y1h+SZWBL._AC_UL320_.jpg
85,https://m.media-amazon.com/images/I/51wE9Q3czNL._AC_UL320_.jpg,https://m.media-amazon.com/images/I/61j8-T8dIIL._AC_UL320_.jpg,https://m.media-amazon.com/images/I/5106NB0RPgL._AC_UL320_.jpg
86,https://m.media-amazon.com/images/I/51THAj1xGhL._AC_UL320_.jpg,https://m.media-amazon.com/images/I/81t3XS8UciL._AC_UL320_.jpg,https://m.media-amazon.com/images/I/81rg53i95-L._AC_UL320_.jpg
87,https://m.media-amazon.com/images/I/71IszooqopL._AC_UL320_.jpg,https://m.media-amazon.com/images/I/51rnYLGXVxL._AC_UL320_.jpg,https://m.media-amazon.com/images/I/61baXRyCQjL._AC_UL320_.jpg
88,https://m.media-amazon.com/images/I/71AYPbuBrhL._AC_UL320_.jpg,https://m.media-amazon.com/images/I/61+giY94puL._AC_UL320_.jpg,https://m.media-amazon.com/images/I/71CiRZhLoaL._AC_UL320_.jpg
89,https://m.media-amazon.com/images/I/41RkEpP4ijL._AC_UL320_.jpg,https://m.media-amazon.com/images/I/61HwCsXHbzL._AC_UL320_.jpg,https://m.media-amazon.com/images/I/81S++MvcavL._AC_UL320_.jpg
90,https://m.media-amazon.com/images/I/91njmlSKiCL._AC_UL320_.jpg,https://m.media-amazon.com/images/I/81Xcgi8ms+S._AC_UL320_.jpg,https://m.media-amazon.com/images/I/71m0W58-zQL._AC_UL320_.jpg
91,https://m.media-amazon.com/images/I/91njmlSKiCL._AC_UL320_.jpg,https://m.media-amazon.com/images/I/51d74502ZVL._AC_UL320_.jpg,https://m.media-amazon.com/images/I/810Mo3xaQsL._AC_UL320_.jpg
92,https://m.media-amazon.com/images/I/8146BLEzqPL._AC_UL320_.jpg,https://m.media-amazon.com/images/I/71wjQAAqitS._AC_UL320_.jpg,https://m.media-amazon.com/images/I/81ftckLhDHL._AC_UL320_.jpg
93,https://m.media-amazon.com/images/I/61ycr0TYRLL._AC_UL320_.jpg,https://m.media-amazon.com/images/I/61fw-YAjV6L._AC_UL320_.jpg,https://m.media-amazon.com/images/I/61TwfPRLhrL._AC_UL320_.jpg
94,https://m.media-amazon.com/images/I/715gq48jKsL._AC_UL320_.jpg,https://m.media-amazon.com/images/I/81d37fLAwUL._AC_UL320_.jpg,https://m.media-amazon.com/images/I/61c+1sd1t8L._AC_UL320_.jpg
95,https://m.media-amazon.com/images/I/91hrK4R8YdL._AC_UL320_.jpg,https://m.media-amazon.com/images/I/715sc3z554L._AC_UL320_.jpg,https://m.media-amazon.com/images/I/817qC6rtrHS._AC_UL320_.jpg
96,https://m.media-amazon.com/images/I/91vgYb-7tGL._AC_UL320_.jpg,https://m.media-amazon.com/images/I/61KwCbPkOyL._AC_UL320_.jpg,https://m.media-amazon.com/images/I/71wjQAAqitS._AC_UL320_.jpg
97,https://m.media-amazon.com/images/I/914xdapNNlL._AC_UL320_.jpg,https://m.media-amazon.com/images/I/81CjnCpOZaL._AC_UL320_.jpg,https://m.media-amazon.com/images/I/716d7h9Z7HL._AC_UL320_.jpg
98,https://m.media-amazon.com/images/I/41uF1XPtd0L._AC_UL320_.jpg,https://m.media-amazon.com/images/I/71BkAA4x97L._AC_UL320_.jpg,https://m.media-amazon.com/images/I/81JYpmK-87L._AC_UL320_.jpg
99,https://m.media-amazon.com/images/I/81ppEyLIpPL._AC_UL320_.jpg,https://m.media-amazon.com/images/I/81G2HIdIDyL._AC_UL320_.jpg,https://m.media-amazon.com/images/I/7184G6pOcCL._AC_UL320_.jpg
100,https://m.media-amazon.com/images/I/61aBTPmSJdL._AC_UL320_.jpg,https://m.media-amazon.com/images/I/61NKxXc+lIL._AC_UL320_.jpg,https://m.media-amazon.com/images/I/514Vdwggh+L._AC_UL320_.jpg
101,https://m.media-amazon.com/images/I/919lNOaU-GL._AC_UL320_.jpg,https://m.media-amazon.com/images/I/714GEG49ZWL._AC_UL320_.jpg,https://m.media-amazon.com/images/I/71+LCPQ24iL._AC_UL320_.jpg
102,https://m.media-amazon.com/images/I/81nAHKNAgWL._AC_UL320_.jpg,https://m.media-amazon.com/images/I/711Qm80ojZL._AC_UL320_.jpg,https://m.media-amazon.com/images/I/51loH30yLvL._AC_UL320_.jpg
103,https://m.media-amazon.com/images/I/618CJ9mF8UL._AC_UL320_.jpg,https://m.media-amazon.com/images/I/814Uqy8tJaL._AC_UL320_.jpg,https://m.media-amazon.com/images/I/41R0oImWN4L._AC_UL320_.jpg
104,https://m.media-amazon.com/images/I/61TbgIP8TnL._AC_UL320_.jpg,https://m.media-amazon.com/images/I/610xgvsB4hL._AC_UL320_.jpg,https://m.media-amazon.com/images/I/81S++MvcavL._AC_UL320_.jpg
105,https://m.media-amazon.com/images/I/6154v1-RXBL._AC_UL320_.jpg,https://m.media-amazon.com/images/I/611LMnczeAL._AC_UL320_.jpg,https://m.media-amazon.com/images/I/81Gb4W2VpBL._AC_UL320_.jpg
106,https://m.media-amazon.com/images/I/71nJsZGi5uS._AC_UL320_.jpg,https://m.media-amazon.com/images/I/51GPPdnaZCL._AC_UL320_.jpg,https://m.media-amazon.com/images/I/81QWn4i3XcL._AC_UL320_.jpg
107,https://m.media-amazon.com/images/I/613mMOWnrxL._AC_UL320_.jpg,https://m.media-amazon.com/images/I/61fVMNqy3GL._AC_UL320_.jpg,https://m.media-amazon.com/images/I/812Q6KRFQiL._AC_UL320_.jpg
108,https://m.media-amazon.com/images/I/710aIq8O5AL._AC_UL320_.jpg,https://m.media-amazon.com/images/I/71o4-mxo2bL._AC_UL320_.jpg,https://m.media-amazon.com/images/I/51Lcar3PF5L._AC_UL320_.jpg
109,https://m.media-amazon.com/images/I/61Ndm5mnP4L._AC_UL320_.jpg,https://m.media-amazon.com/images/I/81V+cLWewjL._AC_UL320_.jpg,https://m.media-amazon.com/images/I/613ybn1m+EL._AC_UL320_.jpg
110,https://m.media-amazon.com/images/I/711vlC6N6bL._AC_UL320_.jpg,https://m.media-amazon.com/images/I/51naFZ-N7zL._AC_UL320_.jpg,https://m.media-amazon.com/images/I/81D+KVOvp2L._AC_UL320_.jpg
111,https://m.media-amazon.com/images/I/41mPufaMatL._AC_UL320_.jpg,https://m.media-amazon.com/images/I/61WOm5HmpnL._AC_UL320_.jpg,https://m.media-amazon.com/images/I/81v78jQqtzL._AC_UL320_.jpg
112,https://m.media-amazon.com/images/I/61BUrdqrK3L._AC_UL320_.jpg,https://m.media-amazon.com/images/I/71Eqxc7aZeL._AC_UL320_.jpg,https://m.media-amazon.com/images/I/81EGkLRifbL._AC_UL320_.jpg
113,https://m.media-amazon.com/images/I/41bfIWlN9sL._AC_UL320_.jpg,https://m.media-amazon.com/images/I/71XHgV07eCL._AC_UL320_.jpg,https://m.media-amazon.com/images/I/71FfW5CXuWL._AC_UL320_.jpg
114,https://m.media-amazon.com/images/I/91ks01LAC4L._AC_UL320_.jpg,https://m.media-amazon.com/images/I/61RS+V-4vTL._AC_UL320_.jpg,https://m.media-amazon.com/images/I/81CQEgtjZNL._AC_UL320_.jpg
115,https://m.media-amazon.com/images/I/51uhaY2GCqL._AC_UL320_.jpg,https://m.media-amazon.com/images/I/51isNKUqkWL._AC_UL320_.jpg,https://m.media-amazon.com/images/I/7181SU0jyGL._AC_UL320_.jpg
116,https://m.media-amazon.com/images/I/910G6lheEMS._AC_UL320_.jpg,https://m.media-amazon.com/images/I/81Ge90coVBL._AC_UL320_.jpg,https://m.media-amazon.com/images/I/71U3zRV1GuL._AC_UL320_.jpg
117,https://m.media-amazon.com/images/I/91c00nW1b6L._AC_UL320_.jpg,https://m.media-amazon.com/images/I/61b7GK73dIL._AC_UL320_.jpg,https://m.media-amazon.com/images/I/61n-iOxLfDL._AC_UL320_.jpg
118,https://m.media-amazon.com/images/I/91twn1QBnTL._AC_UL320_.jpg,https://m.media-amazon.com/images/I/61gBHDAl18L._AC_UL320_.jpg,https://m.media-amazon.com/images/I/81p-B+-Y-WL._AC_UL320_.jpg
119,https://m.media-amazon.com/images/I/51rstcWlfrL._AC_UL320_.jpg,https://m.media-amazon.com/images/I/41Tzy09uPZL._AC_UL320_.jpg,https://m.media-amazon.com/images/I/81JNSBs4AFL._AC_UL320_.jpg
120,https://m.media-amazon.com/images/I/91tTeVB0EnL._AC_UL320_.jpg,https://m.media-amazon.com/images/I/717LKNGTNJL._AC_UL320_.jpg,https://m.media-amazon.com/images/I/81VgrcJXDcL._AC_UL320_.jpg
121,https://m.media-amazon.com/images/I/51svbgyWaOL._AC_UL320_.jpg,https://m.media-amazon.com/images/I/71o4-mxo2bL._AC_UL320_.jpg,https://m.media-amazon.com/images/I/61rdfHsisGL._AC_UL320_.jpg
122,https://m.media-amazon.com/images/I/51M1etfItyL._AC_UL320_.jpg,https://m.media-amazon.com/images/I/71ZJ8lna46L._AC_UL320_.jpg,https://m.media-amazon.com/images/I/81gRlOrU9tL._AC_UL320_.jpg
123,https://m.media-amazon.com/images/I/31-o0E16tYL._AC_UL320_.jpg,https://m.media-amazon.com/images/I/61a46LaIKFL._AC_UL320_.jpg,https://m.media-amazon.com/images/I/71RulP0utFL._AC_UL320_.jpg
124,https://m.media-amazon.com/images/I/81BFrs-wKCL._AC_UL320_.jpg,https://m.media-amazon.com/images/I/81WLhHdBWkL._AC_UL320_.jpg,https://m.media-amazon.com/images/I/61hl4aM8pML._AC_UL320_.jpg
125,https://m.media-amazon.com/images/I/9140TLW+V1L._AC_UL320_.jpg,https://m.media-amazon.com/images/I/61pQN1bi8TL._AC_UL320_.jpg,https://m.media-amazon.com/images/I/51RK7xNlgXL._AC_UL320_.jpg
126,https://m.media-amazon.com/images/I/41AhJq0JYHL._AC_UL320_.jpg,https://m.media-amazon.com/images/I/512IgGbl4RL._AC_UL320_.jpg,https://m.media-amazon.com/images/I/71f441HDnaL._AC_UL320_.jpg
127,https://m.media-amazon.com/images/I/71KbWATMIEL._AC_UL320_.jpg,https://m.media-amazon.com/images/I/71x4QBxtdIL._AC_UL320_.jpg,https://m.media-amazon.com/images/I/81o+e4vpe9L._AC_UL320_.jpg
128,https://m.media-amazon.com/images/I/6171JSIpBVS._AC_UL320_.jpg,https://m.media-amazon.com/images/I/71lx5+0B3AL._AC_UL320_.jpg,https://m.media-amazon.com/images/I/81Dk1m5r7sL._AC_UL320_.jpg
129,https://m.media-amazon.com/images/I/91ks01LAC4L._AC_UL320_.jpg,https://m.media-amazon.com/images/I/71+SdCRJcGL._AC_UL320_.jpg,https://m.media-amazon.com/images/I/61wb97at1cS._AC_UL320_.jpg
130,https://m.media-amazon.com/images/I/71Qwc3PkyYL._AC_UL320_.jpg,https://m.media-amazon.com/images/I/81ue0vRszjL._AC_UL320_.jpg,https://m.media-amazon.com/images/I/61zoG6C57GL._AC_UL320_.jpg
131,https://m.media-amazon.com/images/I/71ukw8MLIIL._AC_UL320_.jpg,https://m.media-amazon.com/images/I/61ljZsVlfCL._AC_UL320_.jpg,https://m.media-amazon.com/images/I/717PmafA9gL._AC_UL320_.jpg
132,https://m.media-amazon.com/images/I/61Z9og5gnkL._AC_UL320_.jpg,https://m.media-amazon.com/images/I/81AeaI6mQLL._AC_UL320_.jpg,https://m.media-amazon.com/images/I/919CrBt4pWL._AC_UL320_.jpg
133,https://m.media-amazon.com/images/I/91WfBU7qtNS._AC_UL320_.jpg,https://m.media-amazon.com/images/I/71fW3z6Y1XL._AC_UL320_.jpg,https://m.media-amazon.com/images/I/51HAZc-A5+L._AC_UL320_.jpg
134,https://m.media-amazon.com/images/I/81uGZMcU6WL._AC_UL320_.jpg,https://m.media-amazon.com/images/I/61Y+m0ij4nL._AC_UL320_.jpg,https://m.media-amazon.com/images/I/81l34bcqs4L._AC_UL320_.jpg
135,https://m.media-amazon.com/images/I/71x9yXxcQsL._AC_UL320_.jpg,https://m.media-amazon.com/images/I/61XfPf9SmWL._AC_UL320_.jpg,https://m.media-amazon.com/images/I/518u+5k-LNL._AC_UL320_.jpg
136,https://m.media-amazon.com/images/I/91gvc3Pbw2L._AC_UL320_.jpg,https://m.media-amazon.com/images/I/61VvZMkyYEL._AC_UL320_.jpg,https://m.media-amazon.com/images/I/51sjc9Cin4L._AC_UL320_.jpg
137,https://m.media-amazon.com/images/I/71NW9e7SYnL._AC_UL320_.jpg,https://m.media-amazon.com/images/I/71kaH-4k3rL._AC_UL320_.jpg,https://m.media-amazon.com/images/I/618pDZIzXHS._AC_UL320_.jpg
138,https://m.media-amazon.com/images/I/41zLWmfbZ1L._AC_UL320_.jpg,https://m.media-amazon.com/images/I/71dgE8koAGL._AC_UL320_.jpg,https://m.media-amazon.com/images/I/414Q9H-7z1L._AC_UL320_.jpg
139,https://m.media-amazon.com/images/I/41V7irveeeL._AC_UL320_.jpg,https://m.media-amazon.com/images/I/81xfZwrv1aL._AC_UL320_.jpg,https://m.media-amazon.com/images/I/81SRbafBH6L._AC_UL320_.jpg
140,https://m.media-amazon.com/images/I/71XA8wTOH8L._AC_UL320_.jpg,https://m.media-amazon.com/images/I/7122odVxo9L._AC_UL320_.jpg,https://m.media-amazon.com/images/I/41fuqGPnQIL._AC_UL320_.jpg
141,https://m.media-amazon.com/images/I/71tfQzMogAL._AC_UL320_.jpg,https://m.media-amazon.com/images/I/41caGz1wL-L._AC_UL320_.jpg,https://m.media-amazon.com/images/I/21r7SQ+TbFL._AC_UL320_.jpg
142,https://m.media-amazon.com/images/I/71m-a5IoDbL._AC_UL320_.jpg,https://m.media-amazon.com/images/I/61DDsihni0L._AC_UL320_.jpg,https://m.media-amazon.com/images/I/81MupNtRo5L._AC_UL320_.jpg
143,https://m.media-amazon.com/images/I/716swSjqqrL._AC_UL320_.jpg,https://m.media-amazon.com/images/I/71HrKHZ6RUL._AC_UL320_.jpg,https://m.media-amazon.com/images/G/31/img22/Fashion/Event/JanART22/AFpage/Bottomwidget/01_all-fashion.jpg
144,https://m.media-amazon.com/images/I/81524+-4hxL._AC_UL320_.jpg,https://m.media-amazon.com/images/I/41hJXluwXtL._AC_UL320_.jpg,https://m.media-amazon.com/images/G/31/img22/Fashion/Event/WRS22/eventpage/Bottomwidget/6_CML.jpg
145,https://m.media-amazon.com/images/I/71QspVogCBL._AC_UL320_.jpg,https://m.media-amazon.com/images/I/51-Z8AXpCwL._AC_UL320_.jpg,https://m.media-amazon.com/images/G/31/img22/Fashion/Event/WRS22/eventpage/Bottomwidget/2_Fashion-dealsV2.jpg
146,https://m.media-amazon.com/images/I/71GM7acPaGL._AC_UL320_.jpg,https://m.media-amazon.com/images/I/51cgth6RW8L._AC_UL320_.jpg,https://m.media-amazon.com/images/G/31/img22/Fashion/Event/WRS22/eventpage/Bottomwidget/8_TrendsV2.jpg
147,https://m.media-amazon.com/images/I/61r0pJRjMuL._AC_UL320_.jpg,https://m.media-amazon.com/images/I/51cYjiT8HYL._AC_UL320_.jpg,https://m.media-amazon.com/images/G/31/img22/Fashion/Event/WRS22/eventpage/Bottomwidget/4_PFF.jpg
148,https://m.media-amazon.com/images/I/61wPq7c8vkL._AC_UL320_.jpg,https://m.media-amazon.com/images/I/717bjNktLJL._AC_UL320_.jpg,https://m.media-amazon.com/images/G/31/img22/Fashion/Event/WRS22/eventpage/Bottomwidget/5_Stylefeed.jpg
149,https://m.media-amazon.com/images/I/71mFFJ1ZvYL._AC_UL320_.jpg,https://m.media-amazon.com/images/G/31/img22/Fashion/Event/JanART22/AFpage/Bottomwidget/01_all-fashion.jpg,https://m.media-amazon.com/images/G/31/img2020/fashion/WA_2022/SS_22/Search_card/Search-card.jpg
150,https://m.media-amazon.com/images/I/81UQiUNYeTL._AC_UL320_.jpg,https://m.media-amazon.com/images/G/31/img22/Fashion/Event/WRS22/eventpage/Bottomwidget/6_CML.jpg,https://m.media-amazon.com/images/I/719lfoWMwnL._AC_UL320_.jpg
151,https://m.media-amazon.com/images/I/813ToEkzLqL._AC_UL320_.jpg,https://m.media-amazon.com/images/G/31/img22/Fashion/Event/WRS22/eventpage/Bottomwidget/2_Fashion-dealsV2.jpg,https://m.media-amazon.com/images/I/61EDk4eiF-L._AC_UL320_.jpg
152,https://m.media-amazon.com/images/I/91jSrD-ItPL._AC_UL320_.jpg,https://m.media-amazon.com/images/G/31/img22/Fashion/Event/WRS22/eventpage/Bottomwidget/8_TrendsV2.jpg,https://m.media-amazon.com/images/I/71UbZFNl2RL._AC_UL320_.jpg
153,https://m.media-amazon.com/images/I/91JYyTKEnYL._AC_UL320_.jpg,https://m.media-amazon.com/images/G/31/img22/Fashion/Event/WRS22/eventpage/Bottomwidget/4_PFF.jpg,https://m.media-amazon.com/images/I/71mgaAA9pwL._AC_UL320_.jpg
154,https://m.media-amazon.com/images/I/812h7pPIkoL._AC_UL320_.jpg,https://m.media-amazon.com/images/G/31/img22/Fashion/Event/WRS22/eventpage/Bottomwidget/5_Stylefeed.jpg,https://m.media-amazon.com/images/I/71wzgvqHNXL._AC_UL320_.jpg
155,https://m.media-amazon.com/images/I/81NjhXFxKcL._AC_UL320_.jpg,https://m.media-amazon.com/images/G/31/img2020/fashion/WA_2022/SS_22/Search_card/Search-card.jpg,https://m.media-amazon.com/images/I/512uEHx+6OL._AC_UL320_.jpg
156,https://m.media-amazon.com/images/I/71E+AXYuXML._AC_UL320_.jpg,https://m.media-amazon.com/images/I/61G+wMtjPWL._AC_UL320_.jpg,https://m.media-amazon.com/images/I/81032hi+TgL._AC_UL320_.jpg
157,https://m.media-amazon.com/images/I/61BGaz+0ZJL._AC_UL320_.jpg,https://m.media-amazon.com/images/I/61MnRVjOZWL._AC_UL320_.jpg,https://m.media-amazon.com/images/I/61D3NhllkbL._AC_UL320_.jpg
158,https://m.media-amazon.com/images/I/81ugoJMHGmL._AC_UL320_.jpg,https://m.media-amazon.com/images/I/51dZlimso6L._AC_UL320_.jpg,https://m.media-amazon.com/images/I/81e4Tkj9dNL._AC_UL320_.jpg
159,https://m.media-amazon.com/images/G/31/img22/Fashion/Event/JanART22/AFpage/Bottomwidget/01_all-fashion.jpg,https://m.media-amazon.com/images/I/51R1lLRa-PL._AC_UL320_.jpg,https://m.media-amazon.com/images/I/81y1h+SZWBL._AC_UL320_.jpg
160,https://m.media-amazon.com/images/G/31/img22/Fashion/Event/WRS22/eventpage/Bottomwidget/6_CML.jpg,https://m.media-amazon.com/images/I/718kU7VISWL._AC_UL320_.jpg,https://m.media-amazon.com/images/I/5106NB0RPgL._AC_UL320_.jpg
161,https://m.media-amazon.com/images/G/31/img22/Fashion/Event/WRS22/eventpage/Bottomwidget/2_Fashion-dealsV2.jpg,https://m.media-amazon.com/images/I/61YHtYYabpL._AC_UL320_.jpg,https://m.media-amazon.com/images/I/81rg53i95-L._AC_UL320_.jpg
162,https://m.media-amazon.com/images/G/31/img22/Fashion/Event/WRS22/eventpage/Bottomwidget/8_TrendsV2.jpg,https://m.media-amazon.com/images/I/61ELAf0ZLcL._AC_UL320_.jpg,https://m.media-amazon.com/images/I/61baXRyCQjL._AC_UL320_.jpg
163,https://m.media-amazon.com/images/G/31/img22/Fashion/Event/WRS22/eventpage/Bottomwidget/4_PFF.jpg,https://m.media-amazon.com/images/I/61j8-T8dIIL._AC_UL320_.jpg,https://m.media-amazon.com/images/I/71CiRZhLoaL._AC_UL320_.jpg
164,https://m.media-amazon.com/images/G/31/img22/Fashion/Event/WRS22/eventpage/Bottomwidget/5_Stylefeed.jpg,https://m.media-amazon.com/images/I/81t3XS8UciL._AC_UL320_.jpg,https://m.media-amazon.com/images/I/81S++MvcavL._AC_UL320_.jpg
165,https://m.media-amazon.com/images/G/31/img2020/fashion/WA_2022/SS_22/Search_card/Search-card.jpg,https://m.media-amazon.com/images/I/51rnYLGXVxL._AC_UL320_.jpg,https://m.media-amazon.com/images/I/71m0W58-zQL._AC_UL320_.jpg
166,https://m.media-amazon.com/images/I/41OMdegU3PL._AC_UL320_.jpg,https://m.media-amazon.com/images/I/61+giY94puL._AC_UL320_.jpg,https://m.media-amazon.com/images/I/810Mo3xaQsL._AC_UL320_.jpg
167,https://m.media-amazon.com/images/I/511qxG9j9YL._AC_UL320_.jpg,https://m.media-amazon.com/images/I/61HwCsXHbzL._AC_UL320_.jpg,https://m.media-amazon.com/images/I/81ftckLhDHL._AC_UL320_.jpg
168,https://m.media-amazon.com/images/I/51wE9Q3czNL._AC_UL320_.jpg,https://m.media-amazon.com/images/I/81Xcgi8ms+S._AC_UL320_.jpg,https://m.media-amazon.com/images/I/61TwfPRLhrL._AC_UL320_.jpg
169,https://m.media-amazon.com/images/I/51THAj1xGhL._AC_UL320_.jpg,https://m.media-amazon.com/images/I/51d74502ZVL._AC_UL320_.jpg,https://m.media-amazon.com/images/I/61c+1sd1t8L._AC_UL320_.jpg
170,https://m.media-amazon.com/images/I/71IszooqopL._AC_UL320_.jpg,https://m.media-amazon.com/images/I/71wjQAAqitS._AC_UL320_.jpg,https://m.media-amazon.com/images/I/817qC6rtrHS._AC_UL320_.jpg
171,https://m.media-amazon.com/images/I/71AYPbuBrhL._AC_UL320_.jpg,https://m.media-amazon.com/images/I/61fw-YAjV6L._AC_UL320_.jpg,https://m.media-amazon.com/images/I/71wjQAAqitS._AC_UL320_.jpg
172,https://m.media-amazon.com/images/I/41RkEpP4ijL._AC_UL320_.jpg,https://m.media-amazon.com/images/I/81d37fLAwUL._AC_UL320_.jpg,https://m.media-amazon.com/images/I/716d7h9Z7HL._AC_UL320_.jpg
173,https://m.media-amazon.com/images/I/91njmlSKiCL._AC_UL320_.jpg,https://m.media-amazon.com/images/I/715sc3z554L._AC_UL320_.jpg,https://m.media-amazon.com/images/I/81JYpmK-87L._AC_UL320_.jpg
174,https://m.media-amazon.com/images/I/91njmlSKiCL._AC_UL320_.jpg,https://m.media-amazon.com/images/I/61KwCbPkOyL._AC_UL320_.jpg,https://m.media-amazon.com/images/I/7184G6pOcCL._AC_UL320_.jpg
175,https://m.media-amazon.com/images/I/8146BLEzqPL._AC_UL320_.jpg,https://m.media-amazon.com/images/I/81CjnCpOZaL._AC_UL320_.jpg,https://m.media-amazon.com/images/I/514Vdwggh+L._AC_UL320_.jpg
176,https://m.media-amazon.com/images/I/61ycr0TYRLL._AC_UL320_.jpg,https://m.media-amazon.com/images/I/71BkAA4x97L._AC_UL320_.jpg,https://m.media-amazon.com/images/I/71+LCPQ24iL._AC_UL320_.jpg
177,https://m.media-amazon.com/images/I/715gq48jKsL._AC_UL320_.jpg,https://m.media-amazon.com/images/I/81G2HIdIDyL._AC_UL320_.jpg,https://m.media-amazon.com/images/I/51loH30yLvL._AC_UL320_.jpg
178,https://m.media-amazon.com/images/I/91hrK4R8YdL._AC_UL320_.jpg,https://m.media-amazon.com/images/I/61NKxXc+lIL._AC_UL320_.jpg,https://m.media-amazon.com/images/I/41R0oImWN4L._AC_UL320_.jpg
179,https://m.media-amazon.com/images/I/91vgYb-7tGL._AC_UL320_.jpg,https://m.media-amazon.com/images/I/714GEG49ZWL._AC_UL320_.jpg,https://m.media-amazon.com/images/I/81S++MvcavL._AC_UL320_.jpg
180,https://m.media-amazon.com/images/I/914xdapNNlL._AC_UL320_.jpg,https://m.media-amazon.com/images/I/711Qm80ojZL._AC_UL320_.jpg,https://m.media-amazon.com/images/I/81Gb4W2VpBL._AC_UL320_.jpg
181,https://m.media-amazon.com/images/I/41uF1XPtd0L._AC_UL320_.jpg,https://m.media-amazon.com/images/I/814Uqy8tJaL._AC_UL320_.jpg,https://m.media-amazon.com/images/I/81QWn4i3XcL._AC_UL320_.jpg
182,https://m.media-amazon.com/images/I/81ppEyLIpPL._AC_UL320_.jpg,https://m.media-amazon.com/images/I/610xgvsB4hL._AC_UL320_.jpg,https://m.media-amazon.com/images/I/812Q6KRFQiL._AC_UL320_.jpg
183,https://m.media-amazon.com/images/I/61aBTPmSJdL._AC_UL320_.jpg,https://m.media-amazon.com/images/I/611LMnczeAL._AC_UL320_.jpg,https://m.media-amazon.com/images/I/51Lcar3PF5L._AC_UL320_.jpg
184,https://m.media-amazon.com/images/I/919lNOaU-GL._AC_UL320_.jpg,https://m.media-amazon.com/images/I/51GPPdnaZCL._AC_UL320_.jpg,https://m.media-amazon.com/images/I/613ybn1m+EL._AC_UL320_.jpg
185,https://m.media-amazon.com/images/I/81nAHKNAgWL._AC_UL320_.jpg,https://m.media-amazon.com/images/I/61fVMNqy3GL._AC_UL320_.jpg,https://m.media-amazon.com/images/I/81D+KVOvp2L._AC_UL320_.jpg
186,https://m.media-amazon.com/images/I/618CJ9mF8UL._AC_UL320_.jpg,https://m.media-amazon.com/images/I/71o4-mxo2bL._AC_UL320_.jpg,https://m.media-amazon.com/images/I/81v78jQqtzL._AC_UL320_.jpg
187,https://m.media-amazon.com/images/I/61TbgIP8TnL._AC_UL320_.jpg,https://m.media-amazon.com/images/I/81V+cLWewjL._AC_UL320_.jpg,https://m.media-amazon.com/images/I/81EGkLRifbL._AC_UL320_.jpg
188,https://m.media-amazon.com/images/I/6154v1-RXBL._AC_UL320_.jpg,https://m.media-amazon.com/images/I/51naFZ-N7zL._AC_UL320_.jpg,https://m.media-amazon.com/images/I/71FfW5CXuWL._AC_UL320_.jpg
189,https://m.media-amazon.com/images/I/71nJsZGi5uS._AC_UL320_.jpg,https://m.media-amazon.com/images/I/61WOm5HmpnL._AC_UL320_.jpg,https://m.media-amazon.com/images/I/81CQEgtjZNL._AC_UL320_.jpg
190,https://m.media-amazon.com/images/I/613mMOWnrxL._AC_UL320_.jpg,https://m.media-amazon.com/images/I/71Eqxc7aZeL._AC_UL320_.jpg,https://m.media-amazon.com/images/I/7181SU0jyGL._AC_UL320_.jpg
191,https://m.media-amazon.com/images/I/710aIq8O5AL._AC_UL320_.jpg,https://m.media-amazon.com/images/I/71XHgV07eCL._AC_UL320_.jpg,https://m.media-amazon.com/images/I/71U3zRV1GuL._AC_UL320_.jpg
192,https://m.media-amazon.com/images/I/61Ndm5mnP4L._AC_UL320_.jpg,https://m.media-amazon.com/images/I/61RS+V-4vTL._AC_UL320_.jpg,https://m.media-amazon.com/images/I/61n-iOxLfDL._AC_UL320_.jpg
193,https://m.media-amazon.com/images/I/711vlC6N6bL._AC_UL320_.jpg,https://m.media-amazon.com/images/I/51isNKUqkWL._AC_UL320_.jpg,https://m.media-amazon.com/images/I/81p-B+-Y-WL._AC_UL320_.jpg
194,https://m.media-amazon.com/images/I/41mPufaMatL._AC_UL320_.jpg,https://m.media-amazon.com/images/I/81Ge90coVBL._AC_UL320_.jpg,https://m.media-amazon.com/images/I/81JNSBs4AFL._AC_UL320_.jpg
195,https://m.media-amazon.com/images/I/61BUrdqrK3L._AC_UL320_.jpg,https://m.media-amazon.com/images/I/61b7GK73dIL._AC_UL320_.jpg,https://m.media-amazon.com/images/I/81VgrcJXDcL._AC_UL320_.jpg
196,https://m.media-amazon.com/images/I/41bfIWlN9sL._AC_UL320_.jpg,https://m.media-amazon.com/images/I/61gBHDAl18L._AC_UL320_.jpg,https://m.media-amazon.com/images/I/61rdfHsisGL._AC_UL320_.jpg
197,https://m.media-amazon.com/images/I/91ks01LAC4L._AC_UL320_.jpg,https://m.media-amazon.com/images/I/41Tzy09uPZL._AC_UL320_.jpg,https://m.media-amazon.com/images/I/81gRlOrU9tL._AC_UL320_.jpg
198,https://m.media-amazon.com/images/I/51uhaY2GCqL._AC_UL320_.jpg,https://m.media-amazon.com/images/I/717LKNGTNJL._AC_UL320_.jpg,https://m.media-amazon.com/images/I/71RulP0utFL._AC_UL320_.jpg
199,https://m.media-amazon.com/images/I/910G6lheEMS._AC_UL320_.jpg,https://m.media-amazon.com/images/I/71o4-mxo2bL._AC_UL320_.jpg,https://m.media-amazon.com/images/I/61hl4aM8pML._AC_UL320_.jpg
